txn_id,amount,merchant,settle_date
TXN_000000,365.14,Café Coffee Day,2024-11-18
TXN_000001,157.82,Flipkart,2024-11-16
TXN_000002,334.45,Uber,2024-11-16
UNKNOWN_867760,410.42,Uber,2024-11-18
TXN_000005,460.07,Blue Tokai Coffee,2024-11-18
TXN_000006,376.2,MakeMyTrip,2024-11-18
TXN_000007,92.8,Uber,2024-11-18
TXN_000008,108.83,MakeMyTrip,2024-11-18
TXN_000009,90.25,MakeMyTrip,2024-11-18
TXN_000010,376.88,Flipkart,2024-11-16
TXN_000012,20.55,Netflix India,2024-11-18
TXN_000013,409.81,PVR Cinemas,2024-11-17
TXN_000014,487.15,DMart,2024-11-18
TXN_000015,242.88,Netflix India,2024-11-18
TXN_000016,475.18,DMart,2024-11-16
TXN_000017,320.14,DMart,2024-11-18
TXN_000018,183.33,Flipkart,2024-11-17
TXN_000019,231.37,MakeMyTrip,2024-11-16
TXN_000020,265.48,Uber,2024-11-17
TXN_000021,79.76,Café Coffee Day,2024-11-18
TXN_000022,230.46,Flipkart,2024-11-18
TXN_000023,102.0,Blue Tokai Coffee,2024-11-16
TXN_000024,433.51,Blue Tokai Coffee,2024-11-18
TXN_000025,213.38,MakeMyTrip,2024-11-17
TXN_000026,351.43,Blue Tokai Coffee,2024-11-17
TXN_000027,287.95,Amazon India,2024-11-16
TXN_000028,436.55,Netflix India,2024-11-18
UNKNOWN_690537,315.3,BookMyShow,2024-11-18
TXN_000030,350.14,PVR Cinemas,2024-11-18
TXN_000031,102.09,Blue Tokai Coffee,2024-11-17
TXN_000032,315.83,BookMyShow,2024-11-16
TXN_000033,156.26,MakeMyTrip,2024-11-16
TXN_000034,319.38,Blue Tokai Coffee,2024-11-17
TXN_000035,277.76,PVR Cinemas,2024-11-16
TXN_000036,23.06,Uber,2024-11-18
TXN_000037,329.25,BookMyShow,2024-11-18
TXN_000038,470.39,Amazon India,2024-11-16
TXN_000039,324.88,Netflix India,2024-11-18
TXN_000040,447.55,MakeMyTrip,2024-11-17
TXN_000041,488.14,Café Coffee Day,2024-11-17
TXN_000042,388.68,PVR Cinemas,2024-11-17
TXN_000043,450.11,Flipkart,2024-11-18
TXN_000044,218.5,Blue Tokai Coffee,2024-11-18
TXN_000045,161.0,Indian Oil Petrol Pump,2024-11-17
TXN_000046,52.74,Indian Oil Petrol Pump,2024-11-18
TXN_000047,89.58,PVR Cinemas,2024-11-17
TXN_000048,74.2,Flipkart,2024-11-18
TXN_000049,18.38,Flipkart,2024-11-18
TXN_000050,144.69,Netflix India,2024-11-18
TXN_000051,452.73,Café Coffee Day,2024-11-16
UNKNOWN_692758,175.27,Uber,2024-11-18
TXN_000053,263.14,DMart,2024-11-18
TXN_000054,293.81,Blue Tokai Coffee,2024-11-16
TXN_000055,280.41,Flipkart,2024-11-18
TXN_000056,296.31,Uber,2024-11-17
TXN_000057,315.11,PVR Cinemas,2024-11-17
TXN_000058,452.29,BookMyShow,2024-11-18
TXN_000059,133.8,Uber,2024-11-17
TXN_000060,201.78,DMart,2024-11-17
TXN_000061,132.79,MakeMyTrip,2024-11-17
TXN_000062,331.3,Flipkart,2024-11-18
TXN_000063,246.66,Indian Oil Petrol Pump,2024-11-16
TXN_000064,370.3,BookMyShow,2024-11-18
TXN_000065,173.17,PVR Cinemas,2024-11-18
TXN_000066,364.41,DMart,2024-11-16
TXN_000067,388.83,Amazon India,2024-11-18
UNKNOWN_108938,136.65,Amazon India,2024-11-18
TXN_000070,370.08,Flipkart,2024-11-16
TXN_000071,412.5,Blue Tokai Coffee,2024-11-16
TXN_000072,492.56,PVR Cinemas,2024-11-16
UNKNOWN_229400,53.11,Uber,2024-11-18
TXN_000074,80.59,MakeMyTrip,2024-11-17
TXN_000075,276.75,Amazon India,2024-11-16
TXN_000076,361.46,Blue Tokai Coffee,2024-11-18
TXN_000077,12.55,Uber,2024-11-16
TXN_000078,56.41,Uber,2024-11-17
TXN_000079,449.33,Flipkart,2024-11-18
TXN_000080,387.46,DMart,2024-11-17
TXN_000082,303.43,DMart,2024-11-18
TXN_000083,243.7,Netflix India,2024-11-16
TXN_000085,356.1,MakeMyTrip,2024-11-16
TXN_000086,393.24,PVR Cinemas,2024-11-16
UNKNOWN_500578,387.64,PVR Cinemas,2024-11-18
TXN_000088,145.79,Indian Oil Petrol Pump,2024-11-16
TXN_000089,288.09,PVR Cinemas,2024-11-18
TXN_000090,220.13,MakeMyTrip,2024-11-17
TXN_000091,290.48,Café Coffee Day,2024-11-17
TXN_000092,300.05,MakeMyTrip,2024-11-18
TXN_000093,442.46,Netflix India,2024-11-16
TXN_000094,324.94,BookMyShow,2024-11-16
TXN_000095,52.94,Flipkart,2024-11-17
TXN_000096,308.64,BookMyShow,2024-11-18
TXN_000097,84.73,Uber,2024-11-18
TXN_000098,296.79,BookMyShow,2024-11-16
TXN_000099,261.15,Blue Tokai Coffee,2024-11-17
UNKNOWN_636755,405.4,BookMyShow,2024-11-18
TXN_000101,251.18,PVR Cinemas,2024-11-16
TXN_000102,328.15,DMart,2024-11-16
TXN_000103,277.68,Uber,2024-11-18
TXN_000104,265.24,PVR Cinemas,2024-11-17
TXN_000105,357.73,BookMyShow,2024-11-18
TXN_000106,232.95,DMart,2024-11-16
TXN_000107,25.29,Flipkart,2024-11-16
TXN_000108,353.98,Uber,2024-11-17
TXN_000109,321.53,MakeMyTrip,2024-11-17
TXN_000110,260.73,Blue Tokai Coffee,2024-11-17
TXN_000111,135.68,Amazon India,2024-11-17
TXN_000112,351.09,Blue Tokai Coffee,2024-11-16
TXN_000114,243.8,Indian Oil Petrol Pump,2024-11-17
TXN_000115,260.99,Flipkart,2024-11-17
TXN_000116,134.02,Indian Oil Petrol Pump,2024-11-17
TXN_000118,173.19,Flipkart,2024-11-18
TXN_000119,407.67,BookMyShow,2024-11-18
TXN_000120,256.75,DMart,2024-11-17
TXN_000121,137.18,Netflix India,2024-11-16
TXN_000122,472.64,Blue Tokai Coffee,2024-11-17
TXN_000123,374.04,BookMyShow,2024-11-17
UNKNOWN_739063,195.73,PVR Cinemas,2024-11-18
TXN_000125,271.01,DMart,2024-11-16
TXN_000126,329.53,Flipkart,2024-11-17
TXN_000127,420.73,Café Coffee Day,2024-11-17
TXN_000128,170.31,Uber,2024-11-16
TXN_000129,394.32,Uber,2024-11-18
TXN_000130,266.0,Amazon India,2024-11-18
UNKNOWN_809125,223.28,BookMyShow,2024-11-18
TXN_000132,415.26,Amazon India,2024-11-18
TXN_000133,438.37,Café Coffee Day,2024-11-16
TXN_000134,431.56,Café Coffee Day,2024-11-17
TXN_000135,302.43,Indian Oil Petrol Pump,2024-11-18
TXN_000136,483.3,Flipkart,2024-11-17
TXN_000137,90.48,Indian Oil Petrol Pump,2024-11-18
TXN_000138,34.06,Flipkart,2024-11-18
TXN_000139,39.64,Uber,2024-11-16
TXN_000140,458.57,Netflix India,2024-11-18
TXN_000141,283.68,Uber,2024-11-17
TXN_000142,44.74,Flipkart,2024-11-18
TXN_000143,282.27,Amazon India,2024-11-16
TXN_000144,307.36,Uber,2024-11-17
TXN_000145,21.69,PVR Cinemas,2024-11-16
TXN_000146,498.74,Netflix India,2024-11-17
TXN_000147,33.02,MakeMyTrip,2024-11-17
TXN_000148,317.83,Netflix India,2024-11-18
TXN_000149,20.75,Netflix India,2024-11-18
TXN_000150,195.38,Uber,2024-11-18
TXN_000151,274.26,Flipkart,2024-11-17
TXN_000152,494.33,Flipkart,2024-11-17
TXN_000153,11.04,Uber,2024-11-17
TXN_000154,62.6,Uber,2024-11-16
TXN_000155,346.38,Uber,2024-11-18
TXN_000156,207.78,Blue Tokai Coffee,2024-11-17
TXN_000157,466.8,Flipkart,2024-11-18
TXN_000158,229.41,DMart,2024-11-18
TXN_000159,370.14,PVR Cinemas,2024-11-16
TXN_000160,22.09,PVR Cinemas,2024-11-18
TXN_000161,268.08,DMart,2024-11-18
TXN_000162,16.68,Blue Tokai Coffee,2024-11-18
TXN_000163,158.15,Netflix India,2024-11-17
TXN_000164,315.4,Uber,2024-11-18
TXN_000165,341.97,PVR Cinemas,2024-11-18
TXN_000166,309.53,Netflix India,2024-11-18
TXN_000167,354.2,Flipkart,2024-11-17
TXN_000168,348.81,Blue Tokai Coffee,2024-11-17
TXN_000169,104.87,Uber,2024-11-17
TXN_000170,313.16,Flipkart,2024-11-16
TXN_000171,274.85,Uber,2024-11-16
TXN_000172,73.7,Flipkart,2024-11-16
TXN_000173,423.87,Indian Oil Petrol Pump,2024-11-18
TXN_000174,151.9,PVR Cinemas,2024-11-16
TXN_000175,398.31,DMart,2024-11-18
TXN_000176,163.02,PVR Cinemas,2024-11-18
TXN_000177,196.39,Netflix India,2024-11-18
TXN_000178,337.86,Blue Tokai Coffee,2024-11-16
TXN_000179,112.43,Amazon India,2024-11-16
TXN_000180,329.97,Amazon India,2024-11-17
TXN_000181,8.12,Amazon India,2024-11-16
TXN_000182,224.23,BookMyShow,2024-11-17
TXN_000183,283.45,MakeMyTrip,2024-11-18
TXN_000184,82.01,BookMyShow,2024-11-17
TXN_000185,217.67,Amazon India,2024-11-18
TXN_000187,35.8,Indian Oil Petrol Pump,2024-11-18
TXN_000188,241.19,MakeMyTrip,2024-11-17
TXN_000189,245.09,Indian Oil Petrol Pump,2024-11-18
TXN_000190,208.63,DMart,2024-11-18
TXN_000191,27.08,Flipkart,2024-11-17
TXN_000192,221.09,Café Coffee Day,2024-11-17
TXN_000193,25.31,Uber,2024-11-17
TXN_000194,141.66,Flipkart,2024-11-16
TXN_000195,371.25,BookMyShow,2024-11-18
TXN_000196,34.01,MakeMyTrip,2024-11-16
TXN_000197,256.35,Blue Tokai Coffee,2024-11-16
TXN_000198,416.41,Flipkart,2024-11-17
TXN_000199,296.38,Amazon India,2024-11-17
TXN_000200,286.13,Blue Tokai Coffee,2024-11-18
TXN_000201,175.6,Blue Tokai Coffee,2024-11-18
TXN_000202,338.36,Uber,2024-11-17
TXN_000203,312.57,Amazon India,2024-11-16
TXN_000204,471.79,Uber,2024-11-17
TXN_000205,136.58,Flipkart,2024-11-16
TXN_000206,478.06,BookMyShow,2024-11-18
TXN_000207,364.04,Netflix India,2024-11-16
TXN_000208,457.05,Uber,2024-11-18
TXN_000209,47.09,Amazon India,2024-11-18
TXN_000210,10.41,DMart,2024-11-16
TXN_000211,433.26,Netflix India,2024-11-17
TXN_000212,266.31,BookMyShow,2024-11-17
TXN_000213,178.89,MakeMyTrip,2024-11-18
TXN_000214,479.78,MakeMyTrip,2024-11-17
TXN_000215,288.85,BookMyShow,2024-11-18
TXN_000216,339.55,BookMyShow,2024-11-16
TXN_000217,249.83,Flipkart,2024-11-17
TXN_000218,399.66,Flipkart,2024-11-16
TXN_000219,142.42,Uber,2024-11-17
TXN_000220,96.47,Café Coffee Day,2024-11-18
TXN_000221,173.43,Indian Oil Petrol Pump,2024-11-16
TXN_000222,365.11,PVR Cinemas,2024-11-16
TXN_000223,143.74,Uber,2024-11-16
TXN_000225,163.93,DMart,2024-11-18
TXN_000226,364.85,Amazon India,2024-11-16
TXN_000227,231.82,BookMyShow,2024-11-16
TXN_000228,116.65,Amazon India,2024-11-16
TXN_000230,308.67,MakeMyTrip,2024-11-16
TXN_000231,448.56,Blue Tokai Coffee,2024-11-17
TXN_000232,224.91,Uber,2024-11-17
TXN_000233,259.87,Uber,2024-11-18
TXN_000234,59.65,Uber,2024-11-18
TXN_000235,366.53,MakeMyTrip,2024-11-16
TXN_000236,112.13,MakeMyTrip,2024-11-17
TXN_000237,164.65,Café Coffee Day,2024-11-17
UNKNOWN_105638,72.32,BookMyShow,2024-11-18
TXN_000239,446.21,Amazon India,2024-11-17
TXN_000240,185.73,PVR Cinemas,2024-11-18
UNKNOWN_206946,18.31,Amazon India,2024-11-18
TXN_000242,18.25,Netflix India,2024-11-18
TXN_000243,181.83,Flipkart,2024-11-17
TXN_000244,74.11,PVR Cinemas,2024-11-17
TXN_000245,358.81,Indian Oil Petrol Pump,2024-11-18
TXN_000246,415.65,PVR Cinemas,2024-11-17
TXN_000247,346.22,Blue Tokai Coffee,2024-11-16
TXN_000248,490.94,Café Coffee Day,2024-11-16
TXN_000249,285.54,DMart,2024-11-16
TXN_000251,273.71,BookMyShow,2024-11-17
TXN_000252,451.84,Café Coffee Day,2024-11-18
TXN_000253,229.62,Flipkart,2024-11-18
TXN_000254,313.59,Café Coffee Day,2024-11-16
TXN_000255,134.07,Flipkart,2024-11-17
TXN_000257,386.01,Flipkart,2024-11-18
TXN_000258,299.29,PVR Cinemas,2024-11-17
TXN_000259,360.44,BookMyShow,2024-11-16
TXN_000260,349.27,BookMyShow,2024-11-18
TXN_000261,418.95,MakeMyTrip,2024-11-18
TXN_000262,392.85,Flipkart,2024-11-16
UNKNOWN_112526,213.3,Indian Oil Petrol Pump,2024-11-18
TXN_000264,358.01,MakeMyTrip,2024-11-17
TXN_000265,17.87,Café Coffee Day,2024-11-16
TXN_000266,371.86,Netflix India,2024-11-16
TXN_000267,307.99,Café Coffee Day,2024-11-16
TXN_000268,366.39,Indian Oil Petrol Pump,2024-11-18
TXN_000269,198.27,Café Coffee Day,2024-11-18
TXN_000270,195.56,Blue Tokai Coffee,2024-11-18
UNKNOWN_976368,382.81,DMart,2024-11-18
TXN_000272,35.55,Netflix India,2024-11-16
TXN_000273,360.64,Indian Oil Petrol Pump,2024-11-16
TXN_000275,306.38,PVR Cinemas,2024-11-16
UNKNOWN_325190,102.99,Amazon India,2024-11-18
TXN_000277,268.72,Blue Tokai Coffee,2024-11-16
TXN_000278,467.07,Amazon India,2024-11-18
TXN_000279,314.55,Blue Tokai Coffee,2024-11-18
TXN_000280,402.44,BookMyShow,2024-11-16
TXN_000281,213.53,Blue Tokai Coffee,2024-11-16
TXN_000282,103.81,Blue Tokai Coffee,2024-11-16
TXN_000283,444.85,Blue Tokai Coffee,2024-11-17
TXN_000284,309.38,Café Coffee Day,2024-11-16
TXN_000285,200.12,DMart,2024-11-17
TXN_000286,465.64,Blue Tokai Coffee,2024-11-16
TXN_000287,69.2,Flipkart,2024-11-16
TXN_000288,14.47,Uber,2024-11-16
TXN_000289,108.19,MakeMyTrip,2024-11-18
TXN_000290,205.05,Flipkart,2024-11-18
UNKNOWN_855855,26.46,Indian Oil Petrol Pump,2024-11-18
TXN_000292,21.14,DMart,2024-11-18
TXN_000293,426.31,DMart,2024-11-18
TXN_000294,208.58,BookMyShow,2024-11-18
TXN_000295,342.81,Netflix India,2024-11-17
TXN_000296,414.54,BookMyShow,2024-11-18
TXN_000297,313.23,Blue Tokai Coffee,2024-11-17
TXN_000298,407.6,BookMyShow,2024-11-17
TXN_000299,176.24,Blue Tokai Coffee,2024-11-17
TXN_000300,248.98,BookMyShow,2024-11-17
TXN_000301,258.44,BookMyShow,2024-11-18
TXN_000302,477.26,PVR Cinemas,2024-11-18
TXN_000303,92.26,BookMyShow,2024-11-18
TXN_000304,171.2,Flipkart,2024-11-17
TXN_000305,403.12,Blue Tokai Coffee,2024-11-16
TXN_000306,443.02,Flipkart,2024-11-16
TXN_000307,70.76,Indian Oil Petrol Pump,2024-11-16
TXN_000308,422.89,BookMyShow,2024-11-16
TXN_000309,61.17,Uber,2024-11-16
TXN_000310,333.77,Amazon India,2024-11-17
TXN_000311,350.4,Blue Tokai Coffee,2024-11-16
TXN_000312,387.38,Café Coffee Day,2024-11-17
TXN_000313,143.71,MakeMyTrip,2024-11-16
TXN_000314,119.35,Amazon India,2024-11-16
TXN_000315,119.44,Café Coffee Day,2024-11-17
TXN_000316,227.97,Blue Tokai Coffee,2024-11-17
TXN_000317,414.52,Netflix India,2024-11-17
TXN_000318,316.36,Uber,2024-11-16
TXN_000319,197.96,Indian Oil Petrol Pump,2024-11-16
TXN_000320,383.52,DMart,2024-11-17
TXN_000321,457.15,Flipkart,2024-11-17
TXN_000322,262.23,Flipkart,2024-11-18
TXN_000323,161.68,Flipkart,2024-11-16
TXN_000324,167.87,Café Coffee Day,2024-11-17
TXN_000325,488.69,Blue Tokai Coffee,2024-11-18
TXN_000326,176.47,Netflix India,2024-11-18
TXN_000327,425.25,MakeMyTrip,2024-11-16
TXN_000328,417.74,Flipkart,2024-11-17
TXN_000329,258.53,BookMyShow,2024-11-16
TXN_000330,256.79,Netflix India,2024-11-17
UNKNOWN_642103,259.42,MakeMyTrip,2024-11-18
TXN_000332,320.28,MakeMyTrip,2024-11-17
TXN_000333,334.43,PVR Cinemas,2024-11-18
TXN_000334,314.66,Indian Oil Petrol Pump,2024-11-18
TXN_000336,498.55,PVR Cinemas,2024-11-16
TXN_000337,301.85,Café Coffee Day,2024-11-17
TXN_000339,44.38,Blue Tokai Coffee,2024-11-18
TXN_000340,7.04,Blue Tokai Coffee,2024-11-18
TXN_000341,406.38,Café Coffee Day,2024-11-16
TXN_000342,213.46,Flipkart,2024-11-17
TXN_000343,428.34,Blue Tokai Coffee,2024-11-17
TXN_000344,294.61,PVR Cinemas,2024-11-18
TXN_000345,422.65,Indian Oil Petrol Pump,2024-11-17
TXN_000346,468.93,PVR Cinemas,2024-11-18
TXN_000347,125.82,Flipkart,2024-11-16
TXN_000348,111.29,Uber,2024-11-16
TXN_000349,52.04,Indian Oil Petrol Pump,2024-11-18
TXN_000350,191.6,Amazon India,2024-11-17
TXN_000351,467.31,Amazon India,2024-11-17
TXN_000352,108.89,MakeMyTrip,2024-11-17
TXN_000354,338.95,BookMyShow,2024-11-17
TXN_000355,349.31,MakeMyTrip,2024-11-18
TXN_000357,163.66,Blue Tokai Coffee,2024-11-18
TXN_000358,376.16,PVR Cinemas,2024-11-17
TXN_000359,195.23,Café Coffee Day,2024-11-17
TXN_000360,453.04,MakeMyTrip,2024-11-18
TXN_000361,200.71,Café Coffee Day,2024-11-16
TXN_000362,331.99,Uber,2024-11-17
TXN_000364,255.19,Flipkart,2024-11-18
TXN_000365,388.54,PVR Cinemas,2024-11-18
TXN_000367,383.45,Amazon India,2024-11-16
TXN_000368,432.61,Netflix India,2024-11-17
TXN_000369,436.33,DMart,2024-11-18
TXN_000370,376.96,Flipkart,2024-11-16
TXN_000371,115.38,Blue Tokai Coffee,2024-11-18
TXN_000372,54.92,Indian Oil Petrol Pump,2024-11-17
TXN_000373,215.53,Blue Tokai Coffee,2024-11-18
TXN_000374,172.56,Café Coffee Day,2024-11-17
TXN_000375,356.44,MakeMyTrip,2024-11-18
TXN_000376,140.6,Uber,2024-11-18
TXN_000377,164.05,Uber,2024-11-18
UNKNOWN_855083,41.93,PVR Cinemas,2024-11-18
TXN_000379,366.17,DMart,2024-11-16
TXN_000380,460.77,Indian Oil Petrol Pump,2024-11-18
TXN_000381,238.97,Indian Oil Petrol Pump,2024-11-17
TXN_000382,25.91,Café Coffee Day,2024-11-17
TXN_000383,42.84,Café Coffee Day,2024-11-16
TXN_000384,376.89,PVR Cinemas,2024-11-18
TXN_000385,345.27,DMart,2024-11-18
TXN_000386,254.27,Netflix India,2024-11-16
TXN_000387,380.99,MakeMyTrip,2024-11-17
TXN_000388,497.57,Uber,2024-11-16
TXN_000389,194.86,BookMyShow,2024-11-18
TXN_000390,314.23,DMart,2024-11-18
TXN_000391,294.72,Blue Tokai Coffee,2024-11-16
TXN_000392,435.97,Uber,2024-11-18
TXN_000393,233.51,PVR Cinemas,2024-11-16
TXN_000394,437.79,Café Coffee Day,2024-11-17
TXN_000395,104.56,Amazon India,2024-11-17
TXN_000396,404.34,Netflix India,2024-11-17
TXN_000397,144.35,Netflix India,2024-11-16
TXN_000398,271.06,DMart,2024-11-18
TXN_000399,354.73,Blue Tokai Coffee,2024-11-17
TXN_000400,150.5,Uber,2024-11-18
TXN_000401,459.82,Netflix India,2024-11-16
TXN_000402,208.05,DMart,2024-11-17
TXN_000403,45.7,Indian Oil Petrol Pump,2024-11-16
TXN_000404,250.26,Indian Oil Petrol Pump,2024-11-16
TXN_000405,88.57,BookMyShow,2024-11-18
TXN_000406,213.56,BookMyShow,2024-11-17
TXN_000407,286.75,BookMyShow,2024-11-17
TXN_000408,498.27,Netflix India,2024-11-16
TXN_000409,234.19,BookMyShow,2024-11-16
TXN_000410,181.33,Indian Oil Petrol Pump,2024-11-18
TXN_000411,140.9,Amazon India,2024-11-17
TXN_000412,163.55,DMart,2024-11-18
TXN_000413,81.77,Amazon India,2024-11-16
TXN_000414,120.57,Blue Tokai Coffee,2024-11-16
TXN_000415,294.24,Amazon India,2024-11-17
TXN_000416,49.93,DMart,2024-11-18
TXN_000417,432.3,Amazon India,2024-11-16
TXN_000418,41.2,Netflix India,2024-11-17
TXN_000420,549.38,Uber,2024-11-17
TXN_000421,52.44,MakeMyTrip,2024-11-18
UNKNOWN_489229,165.48,Flipkart,2024-11-18
TXN_000423,51.99,PVR Cinemas,2024-11-18
TXN_000424,375.13,PVR Cinemas,2024-11-18
TXN_000425,303.23,MakeMyTrip,2024-11-18
TXN_000426,312.61,BookMyShow,2024-11-17
TXN_000427,14.41,Netflix India,2024-11-17
TXN_000428,113.39,DMart,2024-11-17
TXN_000429,72.27,PVR Cinemas,2024-11-18
TXN_000430,68.32,Flipkart,2024-11-17
TXN_000431,135.88,Amazon India,2024-11-17
TXN_000432,359.4,Amazon India,2024-11-17
TXN_000433,304.75,DMart,2024-11-17
TXN_000434,151.52,Uber,2024-11-18
TXN_000435,431.94,Netflix India,2024-11-16
TXN_000436,235.19,BookMyShow,2024-11-18
TXN_000437,367.5,MakeMyTrip,2024-11-18
TXN_000438,238.61,MakeMyTrip,2024-11-17
TXN_000439,209.57,Netflix India,2024-11-18
TXN_000440,469.5,Amazon India,2024-11-16
TXN_000441,297.4,BookMyShow,2024-11-17
TXN_000442,175.93,BookMyShow,2024-11-17
TXN_000443,254.64,Indian Oil Petrol Pump,2024-11-18
TXN_000444,220.48,DMart,2024-11-17
TXN_000445,134.17,Café Coffee Day,2024-11-17
TXN_000446,416.48,PVR Cinemas,2024-11-18
TXN_000447,355.72,Indian Oil Petrol Pump,2024-11-16
UNKNOWN_282620,296.12,Amazon India,2024-11-18
TXN_000449,292.78,Flipkart,2024-11-16
TXN_000450,209.63,DMart,2024-11-18
TXN_000451,43.22,MakeMyTrip,2024-11-17
TXN_000452,92.02,DMart,2024-11-18
TXN_000453,423.53,Flipkart,2024-11-18
TXN_000454,104.47,Amazon India,2024-11-17
TXN_000455,299.36,Flipkart,2024-11-16
TXN_000456,140.19,Indian Oil Petrol Pump,2024-11-18
TXN_000457,43.63,Flipkart,2024-11-17
TXN_000458,106.19,DMart,2024-11-18
TXN_000459,139.02,Flipkart,2024-11-18
TXN_000460,407.12,Flipkart,2024-11-18
TXN_000461,446.02,Flipkart,2024-11-18
TXN_000462,293.71,DMart,2024-11-18
TXN_000463,162.33,DMart,2024-11-17
TXN_000464,84.56,BookMyShow,2024-11-17
TXN_000465,198.24,MakeMyTrip,2024-11-16
TXN_000467,268.13,Netflix India,2024-11-18
TXN_000468,297.16,Café Coffee Day,2024-11-18
TXN_000469,72.9,Blue Tokai Coffee,2024-11-17
TXN_000470,214.7,Café Coffee Day,2024-11-18
TXN_000471,99.83,BookMyShow,2024-11-17
TXN_000472,386.22,BookMyShow,2024-11-18
TXN_000474,311.22,Uber,2024-11-17
TXN_000475,29.11,PVR Cinemas,2024-11-16
TXN_000476,46.29,Blue Tokai Coffee,2024-11-17
TXN_000477,499.27,BookMyShow,2024-11-17
TXN_000478,262.17,DMart,2024-11-16
TXN_000480,344.02,Indian Oil Petrol Pump,2024-11-17
TXN_000481,430.68,Netflix India,2024-11-16
UNKNOWN_665877,15.51,Blue Tokai Coffee,2024-11-18
TXN_000483,16.94,BookMyShow,2024-11-18
UNKNOWN_938484,271.76,Flipkart,2024-11-18
TXN_000485,257.71,BookMyShow,2024-11-17
TXN_000486,451.35,Uber,2024-11-16
TXN_000487,91.37,Amazon India,2024-11-16
UNKNOWN_832090,438.29,PVR Cinemas,2024-11-18
TXN_000489,456.95,PVR Cinemas,2024-11-17
TXN_000490,354.1,Flipkart,2024-11-16
UNKNOWN_838765,296.34,DMart,2024-11-18
TXN_000494,98.2,Uber,2024-11-18
TXN_000495,389.77,Uber,2024-11-17
TXN_000496,396.86,PVR Cinemas,2024-11-18
TXN_000497,182.51,Blue Tokai Coffee,2024-11-16
TXN_000498,179.86,Café Coffee Day,2024-11-17
TXN_000499,421.73,Flipkart,2024-11-17
UNKNOWN_394554,350.76,Indian Oil Petrol Pump,2024-11-18
TXN_000501,67.23,Amazon India,2024-11-16
TXN_000502,456.16,Café Coffee Day,2024-11-17
TXN_000503,165.75,BookMyShow,2024-11-16
TXN_000504,102.29,Uber,2024-11-16
TXN_000505,73.56,BookMyShow,2024-11-18
TXN_000506,244.14,Indian Oil Petrol Pump,2024-11-17
TXN_000507,292.09,DMart,2024-11-16
TXN_000508,221.35,DMart,2024-11-16
TXN_000509,216.84,PVR Cinemas,2024-11-16
TXN_000510,161.79,Flipkart,2024-11-17
TXN_000511,211.41,Blue Tokai Coffee,2024-11-17
TXN_000512,327.07,DMart,2024-11-18
TXN_000513,182.87,Amazon India,2024-11-17
TXN_000514,267.98,PVR Cinemas,2024-11-18
TXN_000515,57.01,Amazon India,2024-11-17
TXN_000516,400.82,DMart,2024-11-18
UNKNOWN_249353,216.4,Blue Tokai Coffee,2024-11-18
TXN_000518,71.94,Indian Oil Petrol Pump,2024-11-18
TXN_000519,101.38,Flipkart,2024-11-16
TXN_000520,499.76,Uber,2024-11-18
TXN_000521,374.11,Indian Oil Petrol Pump,2024-11-18
TXN_000522,166.69,Blue Tokai Coffee,2024-11-16
TXN_000523,308.26,Flipkart,2024-11-17
TXN_000524,417.5,Café Coffee Day,2024-11-17
TXN_000525,306.03,Blue Tokai Coffee,2024-11-18
TXN_000526,414.82,DMart,2024-11-16
TXN_000527,309.62,Indian Oil Petrol Pump,2024-11-16
UNKNOWN_431483,332.9,Netflix India,2024-11-18
TXN_000529,130.39,DMart,2024-11-17
TXN_000530,133.2,Blue Tokai Coffee,2024-11-16
TXN_000531,184.13,Indian Oil Petrol Pump,2024-11-16
TXN_000532,244.87,Netflix India,2024-11-17
TXN_000533,417.49,PVR Cinemas,2024-11-16
TXN_000534,402.63,Flipkart,2024-11-17
TXN_000535,136.12,Uber,2024-11-17
TXN_000536,201.87,Amazon India,2024-11-16
TXN_000537,174.71,BookMyShow,2024-11-16
TXN_000538,336.69,Netflix India,2024-11-16
TXN_000539,422.89,Blue Tokai Coffee,2024-11-18
TXN_000540,252.15,MakeMyTrip,2024-11-18
TXN_000541,381.92,Uber,2024-11-16
TXN_000542,55.04,Uber,2024-11-16
TXN_000543,106.08,Uber,2024-11-17
UNKNOWN_527089,280.15,BookMyShow,2024-11-18
TXN_000545,209.53,Uber,2024-11-18
TXN_000546,483.95,Netflix India,2024-11-17
TXN_000547,219.43,BookMyShow,2024-11-16
TXN_000548,151.2,Flipkart,2024-11-16
TXN_000549,368.84,Uber,2024-11-16
TXN_000550,47.16,Blue Tokai Coffee,2024-11-16
TXN_000551,178.86,Blue Tokai Coffee,2024-11-16
TXN_000552,30.58,Uber,2024-11-16
TXN_000553,448.22,BookMyShow,2024-11-18
TXN_000554,480.89,Amazon India,2024-11-18
TXN_000555,90.32,Blue Tokai Coffee,2024-11-17
TXN_000556,95.57,PVR Cinemas,2024-11-17
TXN_000557,420.6,BookMyShow,2024-11-18
TXN_000558,261.67,Flipkart,2024-11-18
TXN_000559,449.47,DMart,2024-11-17
TXN_000560,67.92,Blue Tokai Coffee,2024-11-16
TXN_000561,255.79,DMart,2024-11-17
TXN_000562,461.82,Indian Oil Petrol Pump,2024-11-17
TXN_000563,256.09,Netflix India,2024-11-16
TXN_000564,219.13,DMart,2024-11-17
TXN_000565,499.57,Café Coffee Day,2024-11-16
TXN_000566,367.05,Uber,2024-11-18
TXN_000567,134.85,Café Coffee Day,2024-11-16
TXN_000568,371.57,Indian Oil Petrol Pump,2024-11-16
TXN_000569,86.28,Amazon India,2024-11-16
TXN_000570,433.93,Uber,2024-11-18
TXN_000571,347.8,Amazon India,2024-11-17
TXN_000572,346.7,Blue Tokai Coffee,2024-11-18
TXN_000573,133.73,Netflix India,2024-11-17
TXN_000574,90.09,Café Coffee Day,2024-11-17
TXN_000575,42.65,Blue Tokai Coffee,2024-11-17
TXN_000576,315.45,Blue Tokai Coffee,2024-11-18
TXN_000577,34.63,Café Coffee Day,2024-11-18
TXN_000578,279.45,Amazon India,2024-11-18
UNKNOWN_197523,349.21,PVR Cinemas,2024-11-18
TXN_000580,124.44,Netflix India,2024-11-18
TXN_000581,391.44,Amazon India,2024-11-16
TXN_000582,482.73,PVR Cinemas,2024-11-16
TXN_000583,354.8,Indian Oil Petrol Pump,2024-11-16
TXN_000584,260.87,Indian Oil Petrol Pump,2024-11-16
TXN_000585,200.09,PVR Cinemas,2024-11-16
TXN_000586,381.61,Uber,2024-11-18
TXN_000587,299.47,MakeMyTrip,2024-11-16
TXN_000588,312.13,PVR Cinemas,2024-11-18
TXN_000589,9.65,Blue Tokai Coffee,2024-11-17
TXN_000590,469.85,Blue Tokai Coffee,2024-11-17
TXN_000591,408.6,Uber,2024-11-18
TXN_000592,305.26,Amazon India,2024-11-18
TXN_000593,131.25,PVR Cinemas,2024-11-16
TXN_000594,22.17,Amazon India,2024-11-16
TXN_000595,288.21,Amazon India,2024-11-16
TXN_000596,40.22,Café Coffee Day,2024-11-16
TXN_000597,480.98,BookMyShow,2024-11-16
TXN_000598,313.63,Indian Oil Petrol Pump,2024-11-16
TXN_000599,227.65,Café Coffee Day,2024-11-17
TXN_000600,69.23,Amazon India,2024-11-18
TXN_000601,129.96,Blue Tokai Coffee,2024-11-16
TXN_000602,126.89,Amazon India,2024-11-17
TXN_000603,55.47,Uber,2024-11-18
UNKNOWN_137474,415.25,BookMyShow,2024-11-18
TXN_000605,149.47,MakeMyTrip,2024-11-16
TXN_000606,361.74,Netflix India,2024-11-17
TXN_000607,90.15,Amazon India,2024-11-18
TXN_000608,264.48,DMart,2024-11-18
TXN_000609,41.43,MakeMyTrip,2024-11-16
TXN_000610,58.44,Café Coffee Day,2024-11-17
TXN_000611,65.13,Uber,2024-11-17
TXN_000612,196.49,MakeMyTrip,2024-11-16
TXN_000613,389.42,Uber,2024-11-18
TXN_000614,277.07,Uber,2024-11-16
TXN_000615,362.21,Netflix India,2024-11-18
TXN_000616,350.1,DMart,2024-11-17
TXN_000617,13.63,MakeMyTrip,2024-11-18
TXN_000618,242.25,Amazon India,2024-11-18
TXN_000619,130.39,Amazon India,2024-11-17
TXN_000620,140.74,Flipkart,2024-11-17
TXN_000621,354.73,MakeMyTrip,2024-11-16
TXN_000622,481.46,Netflix India,2024-11-17
TXN_000623,358.42,BookMyShow,2024-11-18
TXN_000624,444.63,Amazon India,2024-11-18
TXN_000625,227.86,Uber,2024-11-17
TXN_000626,88.95,Amazon India,2024-11-18
TXN_000627,381.41,PVR Cinemas,2024-11-16
TXN_000628,68.59,DMart,2024-11-18
TXN_000629,346.27,Blue Tokai Coffee,2024-11-17
TXN_000630,120.79,Flipkart,2024-11-18
TXN_000631,437.45,DMart,2024-11-16
TXN_000632,316.51,Blue Tokai Coffee,2024-11-17
TXN_000633,13.29,BookMyShow,2024-11-17
TXN_000634,5.61,Flipkart,2024-11-16
TXN_000635,132.98,PVR Cinemas,2024-11-16
UNKNOWN_421305,453.68,Café Coffee Day,2024-11-18
TXN_000637,184.75,Uber,2024-11-16
TXN_000638,214.14,PVR Cinemas,2024-11-17
TXN_000639,154.99,BookMyShow,2024-11-16
TXN_000640,155.36,Flipkart,2024-11-18
TXN_000641,497.92,MakeMyTrip,2024-11-17
TXN_000642,299.59,Flipkart,2024-11-17
TXN_000643,332.89,Amazon India,2024-11-17
TXN_000644,164.28,DMart,2024-11-16
TXN_000645,261.68,Netflix India,2024-11-18
TXN_000646,354.34,Uber,2024-11-18
TXN_000647,146.59,DMart,2024-11-18
TXN_000648,401.59,Amazon India,2024-11-18
TXN_000649,161.38,BookMyShow,2024-11-18
TXN_000650,192.7,BookMyShow,2024-11-16
TXN_000651,476.28,Indian Oil Petrol Pump,2024-11-17
TXN_000652,250.46,Café Coffee Day,2024-11-17
TXN_000653,70.79,Indian Oil Petrol Pump,2024-11-18
TXN_000654,97.53,Blue Tokai Coffee,2024-11-17
TXN_000655,67.92,BookMyShow,2024-11-17
TXN_000656,386.86,Blue Tokai Coffee,2024-11-17
TXN_000657,366.9,Indian Oil Petrol Pump,2024-11-16
TXN_000658,163.04,Indian Oil Petrol Pump,2024-11-16
TXN_000659,112.4,Flipkart,2024-11-16
TXN_000660,469.66,Netflix India,2024-11-18
TXN_000661,407.54,Uber,2024-11-18
TXN_000662,339.15,Amazon India,2024-11-16
TXN_000663,264.93,MakeMyTrip,2024-11-16
TXN_000664,487.9,Netflix India,2024-11-18
TXN_000665,330.15,Flipkart,2024-11-17
TXN_000666,437.04,BookMyShow,2024-11-16
TXN_000667,245.04,Café Coffee Day,2024-11-18
TXN_000668,136.6,Café Coffee Day,2024-11-17
TXN_000669,79.09,Amazon India,2024-11-17
TXN_000670,468.95,Indian Oil Petrol Pump,2024-11-16
TXN_000671,491.39,Flipkart,2024-11-17
TXN_000672,121.09,Indian Oil Petrol Pump,2024-11-17
TXN_000673,87.32,Indian Oil Petrol Pump,2024-11-16
UNKNOWN_591358,261.83,BookMyShow,2024-11-18
TXN_000675,419.1,Flipkart,2024-11-16
TXN_000676,8.74,Indian Oil Petrol Pump,2024-11-17
TXN_000677,242.36,Amazon India,2024-11-17
TXN_000678,462.38,MakeMyTrip,2024-11-18
TXN_000679,376.4,Indian Oil Petrol Pump,2024-11-18
TXN_000680,240.5,BookMyShow,2024-11-17
TXN_000681,324.95,Netflix India,2024-11-16
TXN_000682,197.25,MakeMyTrip,2024-11-16
TXN_000683,155.82,Blue Tokai Coffee,2024-11-18
UNKNOWN_245838,191.27,Indian Oil Petrol Pump,2024-11-18
TXN_000685,282.58,DMart,2024-11-18
TXN_000686,236.03,MakeMyTrip,2024-11-18
TXN_000687,404.19,DMart,2024-11-16
TXN_000688,191.65,DMart,2024-11-18
TXN_000689,309.1,MakeMyTrip,2024-11-17
TXN_000690,214.49,Amazon India,2024-11-18
TXN_000691,38.13,Uber,2024-11-16
TXN_000692,486.82,Café Coffee Day,2024-11-16
TXN_000693,329.88,PVR Cinemas,2024-11-16
TXN_000694,474.5,Flipkart,2024-11-18
TXN_000695,188.93,Indian Oil Petrol Pump,2024-11-18
TXN_000696,58.73,BookMyShow,2024-11-18
TXN_000697,101.25,Café Coffee Day,2024-11-16
UNKNOWN_114000,225.29,Indian Oil Petrol Pump,2024-11-18
TXN_000699,190.76,PVR Cinemas,2024-11-16
UNKNOWN_423676,61.47,Uber,2024-11-18
TXN_000701,266.38,Uber,2024-11-18
TXN_000702,226.19,MakeMyTrip,2024-11-18
TXN_000703,231.89,BookMyShow,2024-11-17
TXN_000704,337.52,Amazon India,2024-11-18
TXN_000705,372.71,Amazon India,2024-11-18
TXN_000706,105.34,Amazon India,2024-11-16
TXN_000707,446.29,Netflix India,2024-11-17
TXN_000708,157.68,PVR Cinemas,2024-11-17
TXN_000709,421.38,BookMyShow,2024-11-17
TXN_000710,425.65,DMart,2024-11-16
TXN_000711,478.5,Indian Oil Petrol Pump,2024-11-17
TXN_000712,171.8,Uber,2024-11-17
TXN_000714,410.1,Indian Oil Petrol Pump,2024-11-18
TXN_000715,325.1,BookMyShow,2024-11-18
UNKNOWN_630792,471.49,Uber,2024-11-18
TXN_000717,241.99,BookMyShow,2024-11-17
TXN_000718,224.82,DMart,2024-11-17
TXN_000719,377.83,Flipkart,2024-11-18
UNKNOWN_420689,366.51,PVR Cinemas,2024-11-18
TXN_000723,206.32,Netflix India,2024-11-18
TXN_000724,189.35,Café Coffee Day,2024-11-16
TXN_000725,128.5,Blue Tokai Coffee,2024-11-18
TXN_000726,260.63,Uber,2024-11-18
TXN_000727,196.97,Uber,2024-11-16
TXN_000728,353.1,Flipkart,2024-11-16
TXN_000729,254.56,DMart,2024-11-18
TXN_000730,433.43,BookMyShow,2024-11-17
TXN_000731,388.44,Flipkart,2024-11-16
TXN_000732,344.45,Blue Tokai Coffee,2024-11-18
TXN_000733,305.34,Flipkart,2024-11-16
TXN_000734,97.29,Amazon India,2024-11-17
TXN_000735,372.79,Blue Tokai Coffee,2024-11-17
TXN_000736,296.25,Indian Oil Petrol Pump,2024-11-17
TXN_000737,396.47,MakeMyTrip,2024-11-18
TXN_000738,375.7,Indian Oil Petrol Pump,2024-11-18
TXN_000739,295.16,Flipkart,2024-11-18
TXN_000740,263.84,PVR Cinemas,2024-11-18
TXN_000741,264.82,DMart,2024-11-16
TXN_000743,138.66,Flipkart,2024-11-16
TXN_000744,253.23,BookMyShow,2024-11-18
TXN_000745,29.17,Blue Tokai Coffee,2024-11-17
TXN_000746,429.81,DMart,2024-11-16
TXN_000747,45.58,Café Coffee Day,2024-11-17
TXN_000748,296.53,Café Coffee Day,2024-11-16
TXN_000749,313.46,MakeMyTrip,2024-11-16
TXN_000750,44.62,MakeMyTrip,2024-11-17
TXN_000751,128.47,DMart,2024-11-16
TXN_000752,19.55,Netflix India,2024-11-18
TXN_000753,226.95,Uber,2024-11-17
TXN_000754,103.46,Café Coffee Day,2024-11-18
TXN_000755,210.8,PVR Cinemas,2024-11-17
UNKNOWN_825614,210.23,Uber,2024-11-18
TXN_000759,295.68,Amazon India,2024-11-17
TXN_000760,351.87,Indian Oil Petrol Pump,2024-11-16
TXN_000761,175.81,BookMyShow,2024-11-18
UNKNOWN_531205,259.34,PVR Cinemas,2024-11-18
TXN_000763,411.21,Indian Oil Petrol Pump,2024-11-17
TXN_000764,213.23,Café Coffee Day,2024-11-17
TXN_000765,380.0,Netflix India,2024-11-16
UNKNOWN_702391,191.66,Flipkart,2024-11-18
TXN_000767,324.65,Uber,2024-11-18
TXN_000768,57.65,PVR Cinemas,2024-11-16
TXN_000769,102.9,Flipkart,2024-11-17
TXN_000770,126.14,Indian Oil Petrol Pump,2024-11-18
TXN_000771,118.87,Uber,2024-11-17
TXN_000772,457.84,Uber,2024-11-16
TXN_000773,115.47,Blue Tokai Coffee,2024-11-18
TXN_000775,306.99,DMart,2024-11-17
TXN_000776,63.27,Blue Tokai Coffee,2024-11-17
TXN_000777,77.63,BookMyShow,2024-11-17
TXN_000778,57.25,BookMyShow,2024-11-17
TXN_000779,280.54,Netflix India,2024-11-16
TXN_000780,329.94,Netflix India,2024-11-17
TXN_000781,9.46,Flipkart,2024-11-16
TXN_000782,96.97,MakeMyTrip,2024-11-18
UNKNOWN_591441,38.79,Netflix India,2024-11-18
TXN_000784,352.87,Indian Oil Petrol Pump,2024-11-16
TXN_000785,377.24,Indian Oil Petrol Pump,2024-11-16
TXN_000786,118.47,MakeMyTrip,2024-11-18
TXN_000788,180.09,Blue Tokai Coffee,2024-11-17
TXN_000789,394.13,Amazon India,2024-11-16
TXN_000790,140.12,Indian Oil Petrol Pump,2024-11-17
TXN_000791,31.28,Indian Oil Petrol Pump,2024-11-16
TXN_000792,420.62,Uber,2024-11-18
TXN_000793,198.94,Café Coffee Day,2024-11-17
TXN_000794,154.79,Amazon India,2024-11-18
TXN_000795,487.46,Indian Oil Petrol Pump,2024-11-18
TXN_000796,437.95,BookMyShow,2024-11-18
TXN_000797,325.17,DMart,2024-11-17
TXN_000798,376.4,Netflix India,2024-11-16
TXN_000799,402.73,Café Coffee Day,2024-11-16
TXN_000800,18.78,BookMyShow,2024-11-17
TXN_000802,195.11,Netflix India,2024-11-17
TXN_000803,384.7,MakeMyTrip,2024-11-17
TXN_000804,126.11,DMart,2024-11-17
TXN_000805,214.65,Blue Tokai Coffee,2024-11-17
TXN_000806,403.83,Amazon India,2024-11-18
TXN_000807,243.45,Netflix India,2024-11-17
TXN_000808,449.1,Café Coffee Day,2024-11-17
TXN_000809,198.49,Indian Oil Petrol Pump,2024-11-17
TXN_000810,53.63,Amazon India,2024-11-17
TXN_000811,403.61,Café Coffee Day,2024-11-17
TXN_000812,495.96,Flipkart,2024-11-18
TXN_000813,481.0,BookMyShow,2024-11-18
TXN_000814,477.22,Café Coffee Day,2024-11-17
TXN_000815,307.06,Uber,2024-11-17
TXN_000816,210.1,Uber,2024-11-17
TXN_000818,52.22,PVR Cinemas,2024-11-17
TXN_000819,202.92,Uber,2024-11-18
TXN_000820,173.17,Flipkart,2024-11-17
TXN_000822,124.23,Blue Tokai Coffee,2024-11-16
TXN_000823,485.06,Uber,2024-11-17
TXN_000824,97.65,Café Coffee Day,2024-11-18
TXN_000825,136.57,PVR Cinemas,2024-11-18
TXN_000826,163.66,PVR Cinemas,2024-11-17
TXN_000827,31.33,DMart,2024-11-17
TXN_000828,375.29,BookMyShow,2024-11-16
TXN_000829,136.89,PVR Cinemas,2024-11-17
TXN_000830,50.85,Indian Oil Petrol Pump,2024-11-17
TXN_000831,357.45,BookMyShow,2024-11-18
TXN_000832,186.41,Amazon India,2024-11-18
TXN_000833,233.53,Café Coffee Day,2024-11-18
TXN_000834,89.3,Blue Tokai Coffee,2024-11-17
TXN_000835,273.3,Netflix India,2024-11-17
TXN_000837,240.65,Amazon India,2024-11-18
TXN_000838,354.78,Indian Oil Petrol Pump,2024-11-18
TXN_000839,8.28,PVR Cinemas,2024-11-17
TXN_000840,324.59,Netflix India,2024-11-17
TXN_000841,320.75,Café Coffee Day,2024-11-17
TXN_000842,423.4,Indian Oil Petrol Pump,2024-11-17
TXN_000843,236.17,Amazon India,2024-11-17
TXN_000844,223.92,MakeMyTrip,2024-11-16
TXN_000845,78.05,Uber,2024-11-18
TXN_000846,247.46,Amazon India,2024-11-16
TXN_000847,363.51,Amazon India,2024-11-16
TXN_000848,471.01,Indian Oil Petrol Pump,2024-11-17
TXN_000849,257.62,Amazon India,2024-11-16
TXN_000850,215.05,Amazon India,2024-11-18
TXN_000851,74.49,Flipkart,2024-11-17
TXN_000852,282.32,Blue Tokai Coffee,2024-11-16
TXN_000853,215.12,MakeMyTrip,2024-11-18
TXN_000854,24.09,BookMyShow,2024-11-18
UNKNOWN_175435,151.69,Indian Oil Petrol Pump,2024-11-18
TXN_000856,336.89,Blue Tokai Coffee,2024-11-16
TXN_000857,285.48,Indian Oil Petrol Pump,2024-11-16
TXN_000858,85.43,Blue Tokai Coffee,2024-11-18
TXN_000859,133.17,Blue Tokai Coffee,2024-11-18
TXN_000860,459.21,Café Coffee Day,2024-11-17
TXN_000861,482.93,DMart,2024-11-18
TXN_000862,382.94,Uber,2024-11-18
TXN_000863,379.92,Flipkart,2024-11-17
TXN_000864,439.96,Netflix India,2024-11-17
TXN_000865,453.31,PVR Cinemas,2024-11-16
TXN_000866,257.72,Uber,2024-11-18
TXN_000868,218.28,MakeMyTrip,2024-11-18
TXN_000869,278.31,Netflix India,2024-11-17
TXN_000870,232.01,Café Coffee Day,2024-11-18
TXN_000871,477.49,Indian Oil Petrol Pump,2024-11-17
TXN_000872,398.26,Blue Tokai Coffee,2024-11-17
TXN_000873,370.32,Flipkart,2024-11-17
TXN_000874,182.26,DMart,2024-11-18
TXN_000876,399.42,Uber,2024-11-17
TXN_000877,305.02,DMart,2024-11-17
TXN_000879,474.89,MakeMyTrip,2024-11-17
TXN_000880,121.3,Café Coffee Day,2024-11-18
TXN_000881,27.67,Indian Oil Petrol Pump,2024-11-17
TXN_000882,463.44,Amazon India,2024-11-16
TXN_000883,72.14,PVR Cinemas,2024-11-18
TXN_000884,235.96,MakeMyTrip,2024-11-16
TXN_000885,63.02,Café Coffee Day,2024-11-17
TXN_000886,41.12,PVR Cinemas,2024-11-16
TXN_000887,295.44,Uber,2024-11-16
TXN_000888,305.92,BookMyShow,2024-11-16
TXN_000889,452.07,Amazon India,2024-11-17
UNKNOWN_646057,351.27,MakeMyTrip,2024-11-18
TXN_000891,110.03,Uber,2024-11-18
TXN_000892,483.93,Café Coffee Day,2024-11-16
TXN_000894,120.5,Netflix India,2024-11-17
TXN_000895,127.33,Flipkart,2024-11-18
TXN_000896,299.46,PVR Cinemas,2024-11-18
TXN_000897,478.63,Flipkart,2024-11-17
TXN_000899,251.06,Netflix India,2024-11-17
TXN_000900,40.97,BookMyShow,2024-11-16
UNKNOWN_838700,188.5,Indian Oil Petrol Pump,2024-11-18
TXN_000902,397.25,DMart,2024-11-17
TXN_000903,388.33,Uber,2024-11-17
TXN_000904,466.23,Flipkart,2024-11-17
TXN_000905,285.48,Blue Tokai Coffee,2024-11-17
TXN_000906,95.12,MakeMyTrip,2024-11-16
TXN_000907,51.24,BookMyShow,2024-11-18
TXN_000908,162.27,PVR Cinemas,2024-11-16
TXN_000909,391.25,BookMyShow,2024-11-16
TXN_000910,23.05,Uber,2024-11-18
TXN_000911,222.87,Indian Oil Petrol Pump,2024-11-17
TXN_000912,394.84,Uber,2024-11-16
TXN_000913,57.66,Amazon India,2024-11-17
TXN_000914,137.52,Flipkart,2024-11-17
TXN_000915,95.72,PVR Cinemas,2024-11-17
TXN_000916,186.2,Amazon India,2024-11-17
TXN_000917,411.06,Flipkart,2024-11-18
TXN_000918,239.62,Amazon India,2024-11-16
TXN_000919,224.14,Uber,2024-11-16
TXN_000920,123.91,Blue Tokai Coffee,2024-11-16
TXN_000921,462.84,Blue Tokai Coffee,2024-11-16
UNKNOWN_311593,218.54,Amazon India,2024-11-18
TXN_000923,491.09,DMart,2024-11-17
TXN_000924,361.87,DMart,2024-11-18
TXN_000925,485.39,Netflix India,2024-11-18
TXN_000926,112.5,Amazon India,2024-11-17
TXN_000927,223.48,DMart,2024-11-16
TXN_000928,178.55,Blue Tokai Coffee,2024-11-17
TXN_000929,236.22,DMart,2024-11-16
TXN_000930,491.72,BookMyShow,2024-11-16
TXN_000931,488.79,DMart,2024-11-16
TXN_000933,45.03,Indian Oil Petrol Pump,2024-11-16
TXN_000934,159.64,Indian Oil Petrol Pump,2024-11-16
TXN_000935,314.73,Café Coffee Day,2024-11-18
TXN_000936,170.21,Blue Tokai Coffee,2024-11-17
TXN_000937,32.29,BookMyShow,2024-11-17
TXN_000938,464.05,Indian Oil Petrol Pump,2024-11-17
TXN_000939,477.24,PVR Cinemas,2024-11-16
TXN_000940,139.52,Flipkart,2024-11-16
TXN_000941,276.45,DMart,2024-11-17
TXN_000942,314.64,Netflix India,2024-11-17
TXN_000943,410.97,MakeMyTrip,2024-11-17
TXN_000944,167.38,Amazon India,2024-11-17
TXN_000945,415.87,MakeMyTrip,2024-11-17
TXN_000946,439.8,Indian Oil Petrol Pump,2024-11-18
TXN_000947,155.11,DMart,2024-11-17
UNKNOWN_870226,383.63,Blue Tokai Coffee,2024-11-18
TXN_000949,265.24,Netflix India,2024-11-17
TXN_000950,243.56,PVR Cinemas,2024-11-17
TXN_000951,66.17,MakeMyTrip,2024-11-17
TXN_000952,134.61,DMart,2024-11-16
UNKNOWN_648075,442.93,Indian Oil Petrol Pump,2024-11-18
TXN_000954,473.13,Flipkart,2024-11-18
UNKNOWN_664441,445.64,PVR Cinemas,2024-11-18
TXN_000956,386.67,PVR Cinemas,2024-11-17
TXN_000958,97.25,BookMyShow,2024-11-17
TXN_000959,294.2,Flipkart,2024-11-16
TXN_000960,162.43,Uber,2024-11-16
TXN_000961,187.26,Flipkart,2024-11-17
TXN_000962,26.09,Indian Oil Petrol Pump,2024-11-18
TXN_000963,251.9,DMart,2024-11-17
TXN_000964,144.95,PVR Cinemas,2024-11-16
TXN_000965,264.92,BookMyShow,2024-11-18
TXN_000966,18.74,Amazon India,2024-11-16
TXN_000967,207.82,Blue Tokai Coffee,2024-11-17
TXN_000968,250.47,Uber,2024-11-17
TXN_000969,115.16,Amazon India,2024-11-18
TXN_000970,444.2,Netflix India,2024-11-17
TXN_000971,45.67,MakeMyTrip,2024-11-17
UNKNOWN_343781,168.2,Indian Oil Petrol Pump,2024-11-18
TXN_000973,131.2,PVR Cinemas,2024-11-18
TXN_000974,58.73,Café Coffee Day,2024-11-16
TXN_000975,121.63,PVR Cinemas,2024-11-16
TXN_000976,386.61,Amazon India,2024-11-18
TXN_000977,227.73,Netflix India,2024-11-17
TXN_000978,107.37,MakeMyTrip,2024-11-17
TXN_000979,385.62,Café Coffee Day,2024-11-17
TXN_000980,421.49,MakeMyTrip,2024-11-18
TXN_000981,103.74,Indian Oil Petrol Pump,2024-11-16
TXN_000982,8.8,Uber,2024-11-18
TXN_000983,395.15,Netflix India,2024-11-18
TXN_000984,179.3,PVR Cinemas,2024-11-18
TXN_000985,11.15,Netflix India,2024-11-16
TXN_000986,234.58,DMart,2024-11-17
UNKNOWN_983572,482.97,Flipkart,2024-11-18
TXN_000988,11.1,Café Coffee Day,2024-11-16
TXN_000989,391.68,Uber,2024-11-18
TXN_000990,452.15,Netflix India,2024-11-18
TXN_000991,467.86,BookMyShow,2024-11-17
TXN_000992,270.81,Uber,2024-11-18
TXN_000993,352.81,DMart,2024-11-16
TXN_000994,270.14,Café Coffee Day,2024-11-16
TXN_000995,160.13,MakeMyTrip,2024-11-16
TXN_000996,480.23,Flipkart,2024-11-18
TXN_000997,27.65,PVR Cinemas,2024-11-18
TXN_000998,442.45,Blue Tokai Coffee,2024-11-17
TXN_000999,401.35,PVR Cinemas,2024-11-18
